{"train/train_runtime": 23.9476, "train/train_samples_per_second": 6.264, "train/train_steps_per_second": 0.418, "train/total_flos": 19870109798400.0, "train/train_loss": 0.6860959529876709, "train/epoch": 2.0, "train/global_step": 10, "_timestamp": 1714975420.6403499, "_runtime": 29.619876861572266, "_step": 1, "eval/loss": 0.67400723695755, "eval/accuracy": 0.6571428571428571, "eval/f1": 0.7931034482758621, "eval/precision": 0.6571428571428571, "eval/recall": 1.0, "eval/runtime": 7.0069, "eval/samples_per_second": 4.995, "eval/steps_per_second": 0.428, "_wandb": {"runtime": 31}}